 CENTRE CODE,EXAM NUMBER,FIRST NAME,LAST NAME,SUBJECT CODE,PAPER NUMBER,MARK,STATUS,SEN,SC
4010,8340101232,,,6070,1,0,L,0,0
4010,8340101232,,,5127,1,0,L,0,0
4010,8340101232,,,1121,2,0,L,0,0
5354,8.33E+09,,,4024,1,0,L,1,1
5354,8.33E+09,,,5090,2,0,L,1,1
,,,,,,,,,
,,,,,,,,,SC (SPECIAAL CANDIDATE): 0 = CANDIDATE TO BE MARKED WHERE MAINSTREAM WILL BE MARKED. 1 = CANDIDATE TO BE MARKED AT A DESIGNATED PLACE EG ECZ HQ
,,,,,,,,,
REMOVE HEADERS WHEN UPLOADING,,,,,,,,SEN: 1 = SEN CANDIDATE.  0 =  MAINSTREAM CANDIDATE,
